"id","text","target","target_sentiment","companies_sentiment","consumers_sentiment"
"69737","Renfe afronta mañana un nuevo día de paros parciales de los maquinistas","Renfe","negative","negative","negative"
"71795","Presupuesto populista con cimientos frágiles","Presupuesto populista","negative","negative","negative"
"77984","Biden no cree que la OPEP+ vaya a ayudar con los precios del petróleo","OPEP+","negative","negative","negative"
"82648","La deuda de las familias cae en 25.000 millones en 2015 y marca niveles previos a la crisis","deuda de las familias","positive","positive","positive"
"97337","Bestinver: no hay ""momento más inoportuno"" para el Brexit","Bestinver","negative","negative","negative"
"118683","El número de desempleados aumenta en 932 personas en octubre","desempleados","negative","negative","negative"
"128066","La sombra de Donald Trump se cierne sobre la economía mexicana","Donald Trump","negative","negative","negative"
"134608","Grecia pide 3.000 millones al Banco Mundial para crear 300.000 empleos","Grecia","negative","negative","positive"
"161520","Pensiones en España: tenemos un problema","Pensiones","negative","negative","negative"
"161813","Trump: ""La paciencia estratégica con Pyongyang se ha acabado""","Pyongyang","negative","negative","negative"
"162547","Berenberg reincide en su pesimismo sobre la banca española","Berenberg","negative","negative","negative"
"173981","España pierde su segundo arbitraje internacional por el recorte de las primas a las renovables","España","negative","negative","negative"
"220615","Tercer mes a la baja en el Ibex-35","Ibex-35","negative","negative","negative"
"224630","Se duplican los accidentes laborales mortales en Euskadi, con once fallecidos hasta marzo","accidentes laborales mortales","negative","negative","negative"
"227192","España se mantiene como el segundo país de la eurozona con mayor tasa de paro","España","negative","negative","negative"
"245519","Los carburantes repuntan a nuevos máximos y acumulan un encarecimiento de hasta el 15%","carburantes","negative","negative","negative"
"250324","Maroto prevé «meses duros» pero confía en recuperar el turismo antes del verano","Maroto","negative","negative","negative"
"251652","La mitad de los españoles reducirá sus gastos esta Navidad","mitad de los españoles","positive","negative","negative"
"252608","Una de cada diez empresas cerrará y la mitad entrará en pérdidas","Una de cada diez empresas","negative","negative","negative"
"257648","La fortaleza del euro entorpece la recuperación del Viejo Continente","fortaleza del euro","positive","negative","negative"
"269177","La UE devuelve a Panamá a su lista negra de paraísos fiscales","Panamá","negative","negative","negative"
"275690","Bruselas denunciará a España ante el TUE si no aplica las normas europeas sobre fondos de inversión","España","negative","negative","negative"
"282747","El Ibex-35 pierde un 0,29% en la sesión y gana un 0,14% en octubre","Ibex-35","negative","negative","negative"
"292024","El Ibex-35 se marea con el BCE, la investidura fallida y los resultados y pierde los 9.300 puntos","Ibex-35","negative","negative","negative"
"297814","El IBEX (-0,9%) transita en rojo por un miércoles santo que deja pérdidas en resto de Bolsas europeas","IBEX","negative","negative","negative"
"310178","La bajada de los alimentos deja la subida de precios de enero en el 1%","bajada de los alimentos","negative","negative","negative"
"310840","El déficit público en la eurozona sube al 0,5% en el tercer trimestre","déficit público","negative","negative","negative"
"312966","Las empresas aportan la mitad que hace 10 años a las cuentas del Estado","empresas","negative","negative","negative"
"319081","El Ibex-35 cae un 4,8% en agosto, cierra al filo de los 9.400 puntos, casi en mínimos anuales","Ibex-35","negative","negative","negative"
"323918","La inflación de China se mantiene en el 1,8% en mayo","inflación de China","positive","negative","negative"
"324263","Con las cuotas a vueltas","cuotas","negative","negative","negative"
"349600","El vaivén de Donald Trump con los aranceles de China sacude todas las bolsas mundiales","vaivén de Donald Trump","negative","negative","negative"
"357844","«Los índices europeos parecen haber entrado en modo rebote»","índices europeos","positive","negative","negative"
"384829","El beneficio del Santander se reduce un 4,9% por los tipos de cambio","beneficio del Santander","negative","negative","negative"
"385359","Guindos apunta a Italia como el mayor riesgo para la deuda en Europa y no descarta un 'efecto contagio'","Italia","negative","negative","negative"
"390834","El FMI calcula que el coronavirus puede costarle entre un 0,1% y un 0,2% al PIB mundial este año","coronavirus","negative","negative","negative"
"394627","Oh yes! Gibraltar se paga sus servicios públicos engañando a la UE","Gibraltar","negative","negative","negative"
"409492","Sanidad contradice a Comercio y prohíbe las rebajas por posibles aglomeraciones","rebajas","negative","negative","negative"
"426829","La tasa de paro salta al 15,33% tras destruirse un millón de empleos","tasa de paro","negative","negative","negative"
"432283","La disolución de empresas se duplicó en junio respecto a mayo","disolución de empresas","negative","negative","negative"
"438555","Créditos morosos en manos del Gobierno español sumaban 0,2 % del PIB en 2017","Créditos morosos","negative","negative","negative"
"445266","El FMI alerta a Italia de que sus políticas podrían dejar ""vulnerable"" al país ante los mercados","Italia","negative","negative","negative"
"461307","Hacienda advierte a 21.500 usuarios de plataformas como Airbnb de que deben declarar todos sus ingresos","usuarios de plataformas como Airbnb","negative","negative","positive"
"463625","La Bolsa de Hong Kong baja un 0,51 % a media sesión","Bolsa de Hong Kong","negative","negative","negative"
"465852","La Bolsa de México pierde un 0,36 % al inicio de la sesión","Bolsa de México","negative","negative","negative"
"472571","Los trabajadores de ITP en Sestao y Barakaldo piden una solución 'in extremis' a sus despidos","trabajadores de ITP","negative","negative","negative"
"476793","La Bolsa de Londres baja un 0,29 % en la apertura","Bolsa de Londres","negative","negative","negative"
"478898","La luz anticipa mañana otro récord con España congelada","luz","positive","negative","negative"
"479992","El PIB frena su crecimiento y se expande un 0,5% en el segundo trimestre","PIB","negative","negative","negative"
"484592","Trump: ""Sin las subidas de tipos de la Fed, EEUU habría crecido un 4% en 2018""","subidas de tipos","negative","negative","negative"
"491130","Cae la tasa de ahorro de los hogares en 2018 al mínimo histórico","tasa de ahorro","negative","negative","negative"
"491838","Sólo el PSOE se enroca en mantener la subida del impuesto de matriculación","PSOE","negative","negative","negative"
"496678","La Bolsa de París baja un 0,09 % a la apertura","Bolsa de París","negative","negative","negative"
"502644","Rusia, un país con excesiva presencia del Estado e infraestructuras insuficientes","Rusia","negative","negative","negative"
"517496","Huelga en la mayor compañía minera de Mauritania casi paraliza la actividad","mayor compañía minera de Mauritania","negative","negative","negative"
"518084","Wall Street vuelve a las ventas afectado por la caída del petróleo","Wall Street","negative","negative","negative"
"518286","El precio de la gasolina sube un 1,73 % y el del gasóleo, un 1,21 %","precio de la gasolina","positive","negative","negative"
"522492","Los tuits de Trump y las tensiones geopolíticas tumban la Bolsa de Seúl","tuits de Trump","negative","negative","negative"
"522716","Los cruceros reabren sus puertas con solo un quinto de su negocio","cruceros","negative","negative","negative"
"531001","La bolsa de Sao Paulo encadena tercera caída consecutiva en jornada volátil","bolsa de Sao Paulo","negative","negative","negative"
"534520","ELA aboga por mantener la huelga indefinida en Tubacex como «garantía» para negociar","ELA","negative","negative","negative"
"537969","La guerra fría tecnológica entre EEUU y China acentúa el temor de Wall Street","guerra fría tecnológica","negative","negative","negative"
"540922","El petróleo de Texas cae un 0,6% y cierra en 58,81 dólares el barril","petróleo de Texas","negative","negative","positive"
"544427","Caída de Google y de sus servicios de Gmail y Youtube en EEUU, España y otros países europeos","Caída de Google","negative","negative","negative"
"548878","Los riesgos económicos ante la repetición electoral de noviembre","riesgos económicos","negative","negative","negative"
"550800","La Bolsa de Sao Paulo pierde un 0,41 % en la apertura","Bolsa de Sao Paulo","negative","negative","negative"
"553032","España, en la zona media de la digitalización europea: lastrada por la formación y los precios","España","negative","negative","negative"
"554620","La deuda pública marca nuevo récord con 1,2 billones de euros hasta marzo","deuda pública","negative","negative","negative"
"554869","El Gobierno admite que la fortaleza del euro es una ""amenaza importante"" para el turismo en España","fortaleza del euro","positive","negative","negative"
"562761","Funcas avisa: la ralentización económica y la incertidumbre política obstaculizan el cumplimiento del déficit","cumplimiento del déficit","negative","negative","negative"
"569452","El IBEX abre con pérdidas del 0,25 % en una jornada sin referencias de EEUU","IBEX","negative","negative","negative"
"573211","El Ibex vuelve a perder el 9.000 lastrado por el Brexit y la guerra comercial","Ibex","negative","negative","negative"
"690590","La planta de Nissan en Barcelona dejará de fabricar el 'pick-up' de Mercedes-Benz","planta de Nissan","negative","negative","negative"
"726820","CEOE denuncia la falta de EPIs de las pymes para reanudar su actividad con garantías","falta de EPIs","negative","negative","negative"
"995761","La ley de sociedades profesionales se retrasa de nuevo en el Congreso","ley de sociedades profesionales","negative","negative","neutral"
"1078862","Los peligros de financiarse sólo con rondas","rondas","negative","negative","neutral"
"1248454","Tamaño y sector, los motivos detrás de las ""acusadas"" diferencias en digitalización de las empresas españolas","Tamaño y sector","negative","negative","neutral"
"1490866","Acciona ve imposible adjudicar el contrato de ATLL a Agbar","Acciona","negative","negative","neutral"
"1578198","El PSOE vaticina menos seguros agrarios con las ayudas del Gobierno regional","PSOE","negative","negative","neutral"
"1600989","La confianza empresarial cae en Alemania en septiembre por quinto mes","confianza empresarial","negative","negative","neutral"
"1680593","Gandía, última parada de la guerra legal entre Aguas de Valencia y Agbar","Gandía","negative","negative","neutral"
"1703125","El sector textil cae un 8% en un semestre ""dramático"" en ventas","sector textil","negative","negative","neutral"
"1706393","El juez liquida una inmobiliaria de Banco de Valencia, Gesfesa, Igsa y Planea","juez","negative","negative","neutral"
"1706608","Fitch avisa de que la unión bancaria no tranquiliza a los inversores","unión bancaria","negative","negative","neutral"
"1818008","Las ventas minoristas de la eurozona cayeron un 0,6% en diciembre","ventas minoristas de la eurozona","negative","negative","neutral"
"1906456","Cuando el heredero no sirve como directivo","heredero","negative","negative","neutral"
"1906857","La publicidad emitida en TV cae casi un 12% en el tercer trimestre","publicidad emitida en TV","negative","negative","neutral"
"3042098","El 60% de las empresas no prevé mejorar sus ventas este verano","60% de las empresas","negative","negative","neutral"
"3067491","Cataluña amenaza el año récord de Caixabank","Cataluña","negative","negative","neutral"
"3103096","La cara B de la oferta china por Nissan Barcelona: apenas beneficiará a los proveedores","oferta china","negative","negative","neutral"
"3103225","El Automobile de Barcelona se aplaza a septiembre por la crisis mundial de chips","Automobile de Barcelona","negative","negative","neutral"
"3167369","La solvencia del posible comprador de Air Comet, en entredicho","comprador de Air Comet","negative","negative","neutral"
"3167891","Las cofradías ultiman una lluvia de alegaciones contra los dos parques eólicos marinos de Iberdrola en Galicia","cofradías","negative","negative","neutral"
"3698216","Emprendedor exhibe a influencer por pedir perfume gratis y así respondió Lizzy Graph","influencer","negative","negative","neutral"
"4279305","El activismo climático veta al gas","gas","negative","negative","neutral"
"4522279","La confianza empresarial cae un 2,5% por las peores expectativas ante ómicron","confianza empresarial","negative","negative","neutral"
"4526195","Los datos sobre el uso de los ascensores arrojan una caída del 45% en la afluencia a la oficina por ómicron","uso de los ascensores","negative","negative","neutral"
"4569351","La sombra de Bankia llega hasta Ibercaja: los minoristas vuelven a quedarse fuera","Bankia","negative","negative","neutral"
"4719943","6 errores que tienes que evitar al alquilar una oficina","6 errores","negative","negative","neutral"
"5014127","El ""Operativo Máximo"" causa un temblor en el PJ bonaerense","""Operativo Máximo""","negative","neutral","neutral"
"5044021","Los inspectores de Trabajo preparan huelga en marzo ante el “abandono” de Díaz y Montero","inspectores de Trabajo","negative","negative","negative"
"5656984","Tenaris deja de cotizar en dos semanas y los inversores tienen que decidir qué hacer con sus acciones","Tenaris","negative","negative","neutral"
"5680880","La devaluación puso más presión a los balances de las empresas","devaluación","negative","negative","neutral"
"5782642","Empeoran las condiciones de los créditos para empresas","créditos para empresas","negative","negative","neutral"
"3698216","Emprendedor exhibe a influencer por pedir perfume gratis y así respondió Lizzy Graph","influencer","negative","negative","neutral"
"1706608","Fitch avisa de que la unión bancaria no tranquiliza a los inversores","unión bancaria","negative","negative","neutral"
"5656984","Tenaris deja de cotizar en dos semanas y los inversores tienen que decidir qué hacer con sus acciones","Tenaris","negative","negative","neutral"
"3167891","Las cofradías ultiman una lluvia de alegaciones contra los dos parques eólicos marinos de Iberdrola en Galicia","cofradías","negative","negative","neutral"
"99212","Draghi protesta por el registro policial efectuado en el banco central de Eslovenia","Draghi","negative","negative","neutral"
"1078862","Los peligros de financiarse sólo con rondas","rondas","negative","negative","neutral"
"3067491","Cataluña amenaza el año récord de Caixabank","Cataluña","negative","negative","neutral"
"1703125","El sector textil cae un 8% en un semestre ""dramático"" en ventas","sector textil","negative","negative","neutral"
"267685","La CNMV prohíbe las ventas en corto sobre acciones de 69 sociedades por el impacto del coronavirus","CNMV","negative","negative","neutral"
"3103096","La cara B de la oferta china por Nissan Barcelona: apenas beneficiará a los proveedores","oferta china","negative","negative","neutral"
"4569351","La sombra de Bankia llega hasta Ibercaja: los minoristas vuelven a quedarse fuera","Bankia","negative","negative","neutral"
"4279305","El activismo climático veta al gas","gas","negative","negative","neutral"
"358600","Los malos resultados de ArcelorMittal preocupan a las plantas del País Vasco","ArcelorMittal","negative","negative","neutral"
"5014127","El ""Operativo Máximo"" causa un temblor en el PJ bonaerense","""Operativo Máximo""","negative","negative","neutral"
"41485","Las aseguradoras verán reducida su red bancaria en 1.560 oficinas","aseguradoras","negative","negative","neutral"
"300251","Sube solo un 2% el tipo efectivo que las empresas pagan a Hacienda","tipo efectivo","negative","negative","neutral"
"64520","Los coches eléctricos cortocircuitarán a los concesionarios","coches eléctricos","negative","negative","neutral"
"1490866","Acciona ve imposible adjudicar el contrato de ATLL a Agbar","Acciona","negative","negative","neutral"
"5680880","La devaluación puso más presión a los balances de las empresas","devaluación","negative","negative","neutral"
"1680593","Gandía, última parada de la guerra legal entre Aguas de Valencia y Agbar","Gandía","negative","negative","neutral"
"4522279","La confianza empresarial cae un 2,5% por las peores expectativas ante ómicron","confianza empresarial","negative","negative","neutral"
"4719943","6 errores que tienes que evitar al alquilar una oficina","6 errores","negative","negative","neutral"
"256100","La banca estadounidense también se suma al exilio fiscal","banca estadounidense","negative","negative","neutral"
"1578198","El PSOE vaticina menos seguros agrarios con las ayudas del Gobierno regional","PSOE","negative","negative","neutral"
"1906456","Cuando el heredero no sirve como directivo","heredero","negative","negative","neutral"
"1600989","La confianza empresarial cae en Alemania en septiembre por quinto mes","confianza empresarial","negative","negative","neutral"
"169594","El futbolista del Real Madrid Marcelo paga medio millón de euros a Hacienda y evita una pena de cárcel de 4 meses","Marcelo","negative","neutral","neutral"
"1706393","El juez liquida una inmobiliaria de Banco de Valencia, Gesfesa, Igsa y Planea","juez","negative","negative","neutral"
"12794","El Covid-19 recorta en 2.150 millones el beneficio de las cotizadas catalanas","Covid-19","negative","negative","neutral"
"201804","Las empresas españolas ante el desafío de la ciberseguridad","empresas españolas","negative","negative","neutral"
"3171658","La publicidad caerá un 17% este año","publicidad","negative","negative","neutral"
"6113947","JPMorgan: Vender acciones ahora conlleva mucho riesgo","Vender acciones","negative","negative","neutral"
"70135","La UE reduce su lista de paraísos fiscales en medio del escándalo por los 'Papeles de Pandora'","UE","postive","neutral","positive"
"5438416","Los anuncios sin ley de los ‘influencers’ tienen los días contados","anuncios sin ley","negative","negative","positive"
"6145580","La propiedad intelectual podría ""desaparecer"" en el metaverso, según un prestigioso abogado especializado: así pueden protegerse las marcas, según los expertos","propiedad intelectual","negative","negative","neutral"
"299559","Lindorff anuncia el despido de 449 trabajadores en España","Lindorff","negative","neutral","negative"
"312612","CCOO convoca paro en el centro de Amazon en San Fernando el 18 de mayo","centro de Amazon","negative","negative","negative"
"313931","Los taxistas se trasladan al centro de Madrid en su séptimo día de huelga","taxistas","negative","neutral","negative"
"322452","Feelcapital alerta de que los fondos de pensiones se venden sin realizar perfil de riesgo","fondos de pensiones","negative","neutral","negative"
"352280","El interés de las hipotecas sigue en mínimos del 1,9% a pesar del auge de los tipos fijos","interés de las hipotecas","negative","neutral","positive"
"398347","Airbus cierra sus plantas en España cuatro días y Volkswagen tres semanas","Airbus","negative","negative","negative"
"429038","Hidalgo (Globalia) vaticina el fin de la agencia de viaje para sacar billetes","Hidalgo (Globalia)","negative","negative","negative"
"442187","Jubilados protestan en Madrid contra norma sobre pensiones y el taxi se une","norma sobre pensiones","negative","neutral","negative"
"454377","La reunión de Fomento con los estibadores acaba sin acuerdo","reunión de Fomento","negative","negative","negative"
"454986","Empresas portuarias denuncian el ""vandalismo"" de los estibadores","Empresas portuarias","negative","negative","neutral"
"473575","Así ha sido el robo de película de 750 kg. de oro en un aeropuerto de Brasil","robo de película","negative","neutral","negative"
"502117","La vivienda se encarece un 4,2 % en eurozona y UE en último trimestre de 2018","vivienda","negative","neutral","negative"
"574836","Papelón del Gobierno: así es el dinero que descubre ahora para las pensiones","Gobierno","negative","neutral","negative"
"618023","Vesuvius se niega a retirar el ERE que afecta a 128 trabajadores","Vesuvius","negative","neutral","neutral"
"624854","Las aerolíneas ven difícil poder reemplazar a Thomas Cook a corto plazo","aerolíneas","negative","neutral","negative"
"626110","Declarada en concurso In Destination Incoming tras la quiebra Thomas Cook","In Destination Incoming","negative","neutral","neutral"
"626507","Twitter y Tweetdeck experimentan problemas que impiden su uso con normalidad","Twitter","negative","neutral","negative"
"635705","El sector de componentes para coches ve un 2020 ""desafiante"" y ""preocupante""","sector de componentes para coches","negative","neutral","negative"
"646800","Telefónica gana un 50% menos hasta septiembre tras reestructurar su plantilla","Telefónica","negative","neutral","neutral"
"664446","El sector inmobiliario, a la cola en sostenibilidad, pide objetivos realistas","sector inmobiliario","negative","neutral","negative"
"691487","Agencias de viajes recomiendan no viajar a China y facilitar cancelaciones","China","negative","neutral","negative"
"691787","División de opiniones entre las CCAA sobre la decisión de Hacienda de dar un mayor margen de déficit tras negar los fondos del IVA","Hacienda","negative","neutral","neutral"
"744557","Barricadas y quema de neumáticos frente a la planta de Alcoa por los despidos","planta de Alcoa","negative","neutral","negative"
"810037","Medidas frente a la ocupación ilegal de viviendas","ocupación ilegal de viviendas","negative","neutral","negative"
"831306","El 20% de los españoles ya tiene problemas para pagar su hipoteca o alquiler","20% de los españoles","negative","neutral","negative"
"840628","Facturas falsas y fraude fiscal: varapalo al promotor de oficinas que acusa al Gobierno de comprar periodistas","promotor de oficinas","negative","neutral","negative"
"990231","Economía/Agricultura.- Asaja pide que la retencion de ovejas y cabras acabe un mes antes para evitar ""graves perjuicios""","Asaja","negative","neutral","negative"
"1024646","Las empresas tecnológicas españolas: mucha oferta y muy pocos candidatos","empresas tecnológicas españolas","negative","neutral","negative"
"1026882","El Gobierno, sin índice de precios para limitar los alquileres ni metodología para calcularlo","Gobierno","negative","neutral","negative"
"1028555","Vodafone presenta un ERE para 515 empleados en España","Vodafone","negative","neutral","neutral"
"1048482","En la calle a la espera del Ingreso Mínimo Vital","Ingreso Mínimo Vital","negative","neutral","negative"
"1048778","Los locales de ocio nocturno serán clausurados a lo largo de esta semana","locales de ocio nocturno","negative","neutral","negative"
"1079922","La deuda de la Comunidad también es consecuencia de la adhesión al Fondo de Facilidad Financiera","deuda de la Comunidad","negative","neutral","negative"
"1084959","Las pensiones en España, rumbo hacia el iceberg","pensiones en España","negative","neutral","negative"
"1105891","Los españoles necesitan 7,5 años de sueldo íntegro para comprar una vivienda","españoles","negative","neutral","negative"
"1121641","Volkswagen era consciente del fraude de las emisiones semanas antes de lo admitido","Volkswagen","negative","neutral","negative"
"1150544","La venta de suelo cada vez cubre menos de lo que cuesta el Parque Central de Valencia","venta de suelo","negative","neutral","negative"
"1184936","Metro de Madrid comienza hoy los paros y critica unos servicios mínimos ""abusivos""","Metro de Madrid","negative","neutral","negative"
"1275972","Alquilar un piso compartido en Aragón cuesta de media de 252 euros al mes","Alquilar un piso compartido","neutral","neutral","neutral"
"1304618","Isern Patentes y Marcas presenta un ERTE","Isern Patentes y Marcas","negative","neutral","neutral"
"1305160","Airbus plantea un ERTE para sus centros de Getafe, Illescas y Puerto Real","Airbus","negative","neutral","neutral"
"1459601","Deutsche Bank cerrará un 25% de sus oficinas y venderá Postbank para ahorrar 3.500 millones","Deutsche Bank","negative","neutral","negative"
"1462027","Banco Madrid intenta frenar la fuga de empleados","Banco Madrid","negative","neutral","neutral"
"1463784","Los billetes de 100 euros en circulación marcan mínimos históricos en abril","billetes de 100 euros","negative","neutral","negative"
"1569048","La Reina y la Princesa de Asturias cobrarán un sueldo fijo anual","Reina","positive","neutral","negative"
"1574425","WhatsApp sufre un fallo de seguridad que permite a los 'hackers' leer conversaciones","WhatsApp","negative","neutral","negative"
"1576108","BNP Paribas suprimirá cerca de 1.600 empleos en su filial ucraniana","BNP Paribas","negative","neutral","neutral"
"1580565","UGT relaciona el descenso del paro con la reducción de la población activa","descenso del paro","negative","neutral","neutral"
"1581188","Madrileños y vascos, en el ojo del huracán de las subidas del euribor","Madrileños y vascos","negative","neutral","negative"
"1588795","El Banco de Inglaterra pone un drástico límite a las hipotecas para pinchar la burbuja inmobiliaria","Banco de Inglaterra","negative","neutral","positive"
"1597977","Roche despedirá a unos 100 empleados en España","Roche","negative","neutral","neutral"
"1603566","Fernández de Sousa prestó 5,2 millones a su mujer para llevarlos a China","Fernández de Sousa","negative","neutral","neutral"
"1680886","Telefónica recortará un 10% de su plantilla en la República Checa","Telefónica","negative","neutral","neutral"
"1705731","La Fiscalía denuncia al presidente del Puerto de Valencia por posible malversación","presidente del Puerto de Valencia","negative","neutral","negative"
"1784790","Competencia cuestiona las UTE en contratación pública","UTE","negative","neutral","negative"
"1786919","Huelga la reforma","reforma","neutral","neutral","neutral"
"1833135","La OIT ve la reforma laboral en España insuficiente para atajar el uso del despido improcedente","reforma laboral en España","negative","neutral","negative"
"1846226","El servicio de radio de la BBC entra en crisis por los despidos masivos","BBC","negative","neutral","negative"
"1851618","El Hospital de Sant Pau negocia un ERE que afectará a unos 500 trabajadores","Hospital de Sant Pau","negative","neutral","neutral"
"1893441","Ryanair cancela cuatro rutas en El Prat por la subida de las tasas aeroportuarias","Ryanair","negative","neutral","negative"
"1896421","Los coches reservados en agosto y entregados en septiembre tributarán con dos tipos de IVA distintos","coches reservados en agosto","negative","neutral","negative"
"1901698","Vestas aplica sus recortes en España y prescinde de 250 empleados","Vestas","negative","neutral","neutral?"
"3025311","Ford Almussafes anuncia un nuevo ERTE de 33 días","Ford Almussafes","negative","neutral","neutral?"
"3162652","El nuevo mecanismo de ajuste de las pensiones no evitará el recorte de sus cuantías, según los expertos","ajuste de las pensiones","negative","neutral","negative"
"3198051","Caixa Penedès cerrará 39 oficinas, el 6% de su red","Caixa Penedès","negative","neutral","negative"
"3208212","BBVA se suma a los recortes de plantilla de la banca","BBVA","negative","neutral","neutral?"
"3264610","DIA, en la cuerda floja del IBEX","DIA","negative","neutral","negative"
"3266545","Iglesias coloca un vicario en la negociación de los Presupuestos","Iglesias","negative","neutral","negative"
"3288640","Afectados por el coronavirus demandarán a Torra por las residencias","Torra","negative","neutral","negative"
"3289713","Galicia: protesta por el ERE del Santander, que afectará a 370 empleos","ERE del Santander","negative","neutral","neutral"
"3333341","Farggi presenta un ERE para despedir a 153 trabajadores","Farggi","negative","neutral","neutral"
"3339581","Iberdrola camufla sus problemas en España","Iberdrola","negative","neutral","neutral"
"72449","‘Arrivederci’ Alitalia, no se te echará de menos","Alitalia","negative","neutral","neutral"
"73483","Bancos y turísticas frenan el repunte de pagos de dividendos en 2021","Bancos y turísticas","negative","neutral","neutral"
"77260","Squid: así colapsó la criptomoneda del ‘Juego del calamar’","Squid","negative","neutral","negative"
"79183","El misterio de quién inventó el bitcóin llega a juicio","bitcóin","neutral","neutral","neutral"
"91332","Las ventas de vehículos de ocasión cae un 9,7% en el primer trimestre del año","ventas de vehículos de ocasión","negative","neutral","neutral"
"107605","Hugo Boss advierte de que no cumplirá previsiones por el descenso de ventas en China","Hugo Boss","negative","neutral","neutral"
"119002","En libertad con cargos cuatro de los detenidos de la organización UPA Extremadura","detenidos de la organización UPA","positive","neutral","neutral"
"132572","Una sentencia avala que se pueda despedir a un miembro del comité de empresa","miembro del comité de empresa","negative","neutral","neutral"
"138350","Vara se siente ""engañado"" con la inversión de los Presupuestos en Extremadura","Vara","negative","neutral","neutral"
"142233","Repsol somete este viernes a su junta de accionistas el pago de un dividendo complementario de 0,45 euros","Repsol","neutral","neutral","neutral"
"150654","Leopoldo del Nogal abandona el consejo de administración de El Corte Inglés","Leopoldo del Nogal","negative","neutral","neutral"
"156169","Técnicas Reunidas y el reto de lograr nuevos contratos","Técnicas Reunidas","negative","neutral","neutral"
"159246","Las gestoras catalanas frenan los reembolsos de sus fondos","gestoras catalanas","positive","neutral","neutral"
"172718","Siemens Gamesa: el ajuste de plantilla no se hizo bien porque ""hubo mucho ruido y rumores""","Siemens Gamesa","negative","neutral","neutral"
"220250","El mayor fabricante mundial de semiconductores, afectado por un virus informático","fabricante mundial de semiconductores","negative","neutral","negative"
"235576","Un rebote que sabe a poco","Un rebote","negative","neutral","neutral"
"257274","El Popular cierra su semana negra con pérdidas de 800 millones en Bolsa","Popular","negative","neutral","negative"
"278096","El bitcóin cae a mínimos de dos meses tras la prohibición de publicidad en Facebook","bitcóin","negative","neutral","negative"
"286942","Realia gana un 74% menos en 2017 por los extraordinarios de 2016","Realia","negative","neutral","neutral"
"333703","Comerciantes amenazan con denunciar a CaixaBank por vender electrodomésticos","CaixaBank","negative","neutral","neutral"
"336115","La Airef considera que la política fiscal de los Presupuestos es «muy similar» a la de otros años","Presupuestos","neutral","neutral","neutral"
"338511","La mudanza de la TDT para dar paso al 5G puede costar 350 millones en ayudas","mudanza de la TDT","negative","neutral","neutral"
"341423","Bankinter ve “injusto” el impuesto a la banca y confía en que no salga adelante","impuesto a la banca","negative","neutral","neutral"
"345993","Gimeno pide la auditoría sobre contratación en el área de seguridad de ECI","área de seguridad de ECI","negative","neutral","neutral"
"348705","Ibarrola dimite como presidente de Deoleo por motivos de salud","Ibarrola","negative","neutral","neutral"
"370790","Calviño no considera «muy barata» la indemnización por despido de 20 días","indemnización por despido","negative","neutral","neutral"
"395117","Primer reto de Villar-Mir II: Levantar un desplome de la acción del 77%","Villar-Mir II","negative","neutral","negative"
"401291","Baleares sanciona a Iberia con 448.000 euros por aplicar la cláusula 'no show'","Iberia","negative","neutral","neutral"
"437455","Acciones de Norwegian caen casi un 11 % tras anunciar ampliación de capital","Acciones de Norwegian","negative","neutral","neutral"
"440300","H&M gana un 22% menos pero aguanta el tirón en España: vende un 2% más","H&M","negative","neutral","neutral"
"446280","Albella (CNMV): ""La investigación interna de BBVA está tardando demasiado""","investigación interna de BBVA","negative","neutral","negative"
"465406","El Sabadell da por fracasada su fusión con el BBVA","Sabadell","negative","neutral","neutral"
"480843","Departamento Transporte investiga Boeing, en fase final actualizar software","Boeing","negative","neutral","neutral"
"481226","Liberbank gana 73 millones de euros en el primer semestre, un 14% menos","Liberbank","negative","neutral","neutral"
"481550","Alcoa alerta de que peligra el futuro de su planta de aluminio en Lugo","Alcoa","negative","neutral","neutral"
"513815","La facturación trimestral del grupo PSA baja un 1,1 % interanual","grupo PSA","negative","neutral","neutral"
"521878","Lyft pierde 1.138 millones dólares en primeros resultados tras salida a bolsa","Lyft","negative","neutral","neutral"
"525528","Telefónica sale de la Bolsa de Argentina por su escaso volumen de negociación","Telefónica","negative","neutral","neutral"
"528661","Sacyr batalla en el Tribunal Supremo contra la concesión del aeropuerto de Corvera a Aena","Sacyr","negative","neutral","neutral"
"529945","Thomas Cook cae un 14,72 % en Bolsa tras multiplicar por seis sus pérdidas","Thomas Cook","negative","neutral","neutral"
"530346","Adif multará a adjudicatarias que pacten concursos con el 10 % del contrato","Adif","negative","neutral","neutral"
"578829","El BCE concluye que Nordea tiene suficiente capital pero débil sistema datos","Nordea","negative","neutral","neutral"
"582166","Continental revisa a la baja sus pronósticos de beneficio y facturación","Continental","negative","neutral","neutral"
"587209","Merlin gana 262 millones, un 45% menos, por la ausencia de extraordinarios","Merlin","negative","neutral","neutral"
"604665","Natra escribe su punto final en bolsa: quedará excluida el 30 de agosto","Natra","negative","neutral","neutral"
"612686","Ferrovial recurre la decisión judicial sobre la autopista canadiense ETR-407","Ferrovial","negative","neutral","neutral"
"616056","Exconsejeros de Bankia niegan cualquier interés personal en la salida a Bolsa","Exconsejeros de Bankia","positive","neutral","neutral"
"616660","Moody's hunde más a OHL en 'bono basura' tras sus ""pobres resultados"" trimestrales","Moody","negative","neutral","negative"
"639924","Los beneficios de Twitter se hunden un 95% en el tercer trimestre, hasta los 33 millones","beneficios de Twitter","negative","neutral","neutral"
"666562","El sector del vapeo culpa a Sanidad de la reducción del 30% de las ventas","sector del vapeo","negative","neutral","neutral"
"679525","Las principales aerolíneas europeas dejan de sobrevolar Irak e Irán","aerolíneas europeas","negative","neutral","negative"
"679619","Samsung prevé una caída del 34% de su beneficio en el cuarto trimestre","Samsung","negative","neutral","neutral"
"680274","Walsh cesará como consejero delegado de IAG y Gallego le sucederá en el cargo","Walsh","negative","neutral","neutral"
"696554","Fiat Chrysler gana 2.700 millones en 2019, un 19% menos interanual","Fiat Chrysler","negative","neutral","neutral"
"699157","TSJM rechaza el recurso de Glovo y encuadra a ""riders"" en convenio de reparto","recurso de Glovo","negative","neutral","neutral"
"701877","Guerra comercial: EEUU acusa a Huawei de conspirar para el robo de secretos comerciales","Huawei","negative","negative","neutral"
"702096","Gobierno y organización chocan por la cancelación del Mobile: en juego, una alerta sanitaria y el cobro de indemnizaciones","cancelación del Mobile","negative","neutral","negative"
"705034","Pallete (Telefónica) ganó 5,37 millones en 2019, un 0,6% menos que en 2018","Pallete","negative","neutral","neutral"
"715667","Merlin Properties prevé un impacto por el Covid-19 en las rentas brutas de 2020 menor del 10%","Merlin Properties","positive","neutral","neutral"
"720609","La economía gallega ante el 12-J: 'vacaciones fiscales' e Inditex para salir de la crisis","economía gallega","positive","neutral","neutral"
"722224","Moody's rebaja el rating de Repsol por el coronavirus y la caída del precio del crudo","rating de Repsol","negative","neutral","neutral"
"723395","Atlantia pide a Italia una decisión con criterios ""legales"" sobre la retirada de todas sus concesiones por la caída del puente de Morandi","Atlantia","negative","neutral","neutral"
"779912","La pionera del 'fracking' se declara en quiebra","pionera del 'fracking'","negative","neutral","neutral"
"783550","Criteria prescinde de García-Bragado como vicepresidente y seguirá de consejero en Caixabank","García-Bragado","negative","neutral","neutral"
"793440","El fondo de los profesores de Arkansas demanda a Allianz","Allianz","negative","neutral","positive"
"795089","GM perdió 758 millones de dólares en el segundo trimestre por el Covid","GM","negative","neutral","neutral"
"979500","Coca-Cola European Partners gana un 54,5% menos en 2020","Coca-Cola European Partners","negative","neutral","neutral"
"1006346","Economía/Fiscal.- El Congreso rechaza las enmiendas de totalidad contra la reforma fiscal","enmiendas de totalidad","negative","neutral","neutral"
"1014815","Los titanes digitales chinos caen en Bolsa por el cerco de Pekín","titanes digitales chinos","negative","neutral","neutral"
"1015122","El líder de Samsung no se libra de los juzgados","líder de Samsung","negative","neutral","neutral"
"1015369","Mapfre prepara un anuncio ""importante"", CNMV suspende cotización","CNMV","negative","neutral","neutral"
"1024408","Grenergy gana un 22,5% menos a septiembre debido a más amortizaciones","Grenergy","negative","neutral","neutral"
"352080","Boeing detecta piezas defectuosas en más de 300 aviones del modelo 737","Boeing","negative","neutral","positive"
"542660","El euríbor acelera su caída para marcar su media mensual más baja desde noviembre","euríbor","negative","neutral","positive"
"697202","La industria inmobiliaria demanda a N.York por vetar comisiones a inquilinos","N.York","negative","neutral","positive"
"824990","La Audiencia Nacional declara nulo el ERTE de Arcelor Mittal en sus centros en España","ERTE de Arcelor Mittal","negative","neutral","neutral"
"1001185","Audiencia Nacional obliga a Nestlé a abonar a los empleados la prima por la pandemia que anunció","Nestlé","negative","neutral","positive"
"1001483","Los presidentes de Fórum Filatélico y Afinsa, detenidos a la espera de declarar","presidentes de Fórum Filatélico y Afinsa","negative","neutral","positive"
"1122555","Una campaña de la DGT vigilará esta semana a unos 150 vehículos de transporte escolar","150 vehículos de transporte escolar","negative","neutral","positive"
"1128269","Dimiten los tres cargos del Banco de España imputados por el 'caso Bankia' que aún estaban en activo","Banco de España","negative","neutral","positive"
"235019","Un 20% de las horas extras trabajadas en la hostelería son en negro","horas extras","negative","positive","neutral"
"336938","Las mujeres cobran de media un 30% menos que los hombres, según Gestha","mujeres","negative","positive","neutral"
"467130","Un 92% de las empresas que deberían por ley tener un plan de igualdad no lo tiene","92% de las empresas","negative","neutral","neutral"
"493134","El precio medio de la vivienda aumentó el 5,5 % en 2018, según la tasadora ST","precio medio de la vivienda","positive","positive","negative"
"716420","Funcas publica 'Las desigualdades económicas en España: realidades y percepciones'","desigualdades económicas en España","negative","positive","negative"
"1150454","Escribano (RIElcano): ""En la transición energética habrá países vecinos perdedores""","países vecinos","negative","negative","negative"
"1803358","Un juez deniega a siete controladores extinguir sus contratos con AENA","contratos con AENA","positive","positive","neutral"
"1818667","El Gobierno prevé que un 40% de los trabajadores se jubile con 67 años","40% de los trabajadores","negative","positive","neutral"
"316796","Los ingresos minoristas de las 'telecos' cayeron un 1,3% en el tercer trimestre del año pasado","telecos'","negative","negative","neutral"
"328052","General Electric saldrá del índice Dow Jones después de 111 años y será reemplazada por Walgreens","General Electric","negative","positive","neutral"
"335872","Las acciones de la Juventus caen un 3% tras fichar a Cristiano","Juventus","negative","positive","neutral"
"341399","Facebook ve esfumarse 119.000 millones de dólares de su capitalización","Facebook","negative","positive","neutral"
"391989","Torres rechaza «juicios paralelos» sobre BBVA en una carta a la plantilla","BBVA","positive","neutral","neutral"
"598708","Ryanair, al borde de una nueva fuga de personal un año después de perder a más de 140 pilotos","Ryanair","negative","positive","neutral"
"762699","Vodafone reduce sus ingresos en los tres primeros meses un 8,2%, hasta los 994,1 millones","Vodafone","negative","positive","neutral"
"1113981","Guerra entre los mayores accionistas de Cabures","mayores accionistas de Cabures","negative","positive","neutral"
"1576940","Telefónica anuncia el cierre y desembolso de dos emisiones de deuda perpetua por 1.750 millones","Telefónica","negative","positive","neutral"
"1588425","Los deportistas establecidos en España tendrán que tributar como residentes","deportistas establecidos en España","negative","positive","positive"
"1713186","El precio de la vivienda tocará fondo en 2016","precio de la vivienda","negative","neutral","positive"
"232726","Picardo: «Un 'brexit' duro para el Reino Unido amenazaría la economía de Gibraltar»","brexit","neutral","negative","negative"
"510629","Los ERTE se mantendrán hasta el próximo 30 de septiembre","ERTE","positive","positive","negative"
"105038","Qué es el Registro Mercantil","Registro Mercantil","neutral","neutral","neutral"
"112691","La inflación de la eurozona se mantiene en el 0,2% en agosto","inflación de la eurozona","neutral","positive","positive "
"119622","Las coberturas menos conocidas de los seguros de coche","seguros de coche","neutral","neutral","neutral"
"119799","Así afecta la política de Trump a diez empresas","política de Trump","neutral","neutral","neutral"
"124875","Fondo de Garantía Inversiones en Degiro Broker Online","Fondo de Garantía Inversiones","neutral","neutral","neutral"
"127276","Saracho deja JP Morgan para fichar como presidente de Popular","JP Morgan","negative","neutral","neutral"
"143695","Más cambios en L’Occitane: la compañía nombra nuevo consejero delegado","L’Occitane","neutral","neutral","neutral"
"148702","Vinissimus, de la bodega a la Red","Vinissimus","neutral","neutral","neutral"
"165523","Xavier Domènech: ""Necesitamos un acuerdo transversal con agentes políticos, sociales y económicos""","acuerdo transversal","positive","neutral","positive"
"308081","El noruego Helge Lund, nuevo presidente de BP a partir de 2019","Helge Lund","positive","neutral","neutral"
"360852","Allianz Seguros nombra a Beatriz Corti nueva subdirectora general de la entidad","Allianz Seguros","neutral","neutral","neutral"
"401102","Las fechas clave de la declaración de la Renta","declaración de la Renta","neutral","neutral","neutral"
"408670","El éxito agridulce de las constructoras españolas: son líderes en el mundo pero sufren en casa","constructoras españolas","neutral","neutral","neutral"
"412587","Preguntas y respuestas sobre el ingreso mínimo vital","ingreso mínimo vital","neutral","neutral","neutral"
"461462","Consejera Trabajo en Holanda: ""Cuidado con las trampas laborales en la red""","trampas laborales","positive","neutral","negative"
"463453","Valores que hay que seguir este martes: Liberbank, Iberdrola, Abengoa, Rovi","Valores","positive","neutral","neutral"
"488915","Las bolsas del Sudeste Asiático comienzan con resultados mixtos","bolsas del Sudeste Asiático","neutral","neutral","neutral"
"497354","REE nombra a Concepción Ordiz (SEPI) vicesecretaria general de la compañía","REE","neutral","neutral","neutral"
"521200","Cotización del yuan chino","Cotización del yuan chino","neutral","neutral","neutral"
"535594","Derechos sociales europeos, por favor","Derechos sociales europeos","positive","neutral","negative"
"646505","La OMC en manos de Trump","OMC","neutral","neutral","neutral"
"647958","Javier Sánchez, presidente de las cámaras de comercio","presidente de las cámaras de comercio","positive","neutral","neutral"
"652424","La Bolsa de Sao Paulo no opera este viernes por ser festivo en Brasil","Bolsa de Sao Paulo","neutral","negative","neutral"
"682180","La Bolsa de Tokio no opera hoy por ser festivo","Bolsa de Tokio","neutral","negative","neutral"
"733902","El BCE reserva su munición: mantiene sin cambios su plan de compra de deuda","BCE","neutral","positive ","neutral"
"756147","Dónde invertir en bolsa este viernes: Cellnex, Endesa, Indra y Siemens Gamesa","bolsa","neutral","neutral","neutral"
"769861","Robots y 'start up', la alianza más estratégica","Robots","positive","neutral","neutral"
"981505","Acciona nombra consejera a una profesora de Harvard","Acciona","neutral","neutral","neutral"
"989710","Cómo se calculan los ingresos procedentes del capital mobiliario","ingresos procedentes del capital mobiliario","neutral","neutral","neutral"
"996390","Economía/OPA.- La CNE debatirá el jueves si admite a Gas Natural como parte interasada en la OPA de E.ON","CNE","neutral","neutral","neutral"
"1094254","Burberry nombra consejero delegado a Marco Gobbetti","Burberry","neutral","neutral","neutral"
"1132797","El PP cuelga el cartel de 'Se Vende' en Génova: esto es lo que puede pedir por la sede","PP","neutral","neutral","neutral"
"1175511","Catalá recibe a la candidatura de Javier Íscar para conocer sus propuestas y reivindicaciones","Catalá","neutral","neutral","neutral"
"1188646","Donald Trump y el Brexit han dejado de ser comparables","Donald Trump","neutral","neutral","neutral"
"1194355","Gimeno dice que los cambios del ICA entrarán en vigor una vez se apruebe por ley","ICA","neutral","neutral","neutral"
"1269651","Iván Delgado: ""Los inversores tendrán en cuenta si se suben o no los impuestos en España""","inversores","neutral","neutral","neutral"
"1307861","Los Charts de Hódar: Acciona, CIE Automotive y Telefónica","Hódar","neutral","neutral","neutral"
"1322421","Los inversores se preguntan si la cartera 60/40 tiene futuro","inversores","neutral","neutral","neutral"
"1442754","Financiación Autonómica – III","Financiación Autonómica","neutral","neutral","neutral"
"1492798","Un nuevo lenguaje para las ofertas de empleo","ofertas de empleo","neutral","neutral","neutral"
"1588619","Hacienda y las CCAA analizan el jueves la reforma fiscal y los objetivos de déficit","Hacienda","neutral","neutral","neutral"
"1608082","Las Cortes analizan las previsiones de gasto de Agricultura y Educación para 2015","Cortes","neutral","neutral","neutral"
"1670490","Los factores que sí se valorarán en el futuro para conseguir un empleo","empleo","positive","neutral","neutral"
"1704448","La importancia económica de Brasil para Extremadura, a debate en los cursos de verano de la UEX","Brasil","positive","neutral","neutral"
"1709829","La CAF celebra su conferencia anual en Washington","CAF","neutral","neutral","neutral"
"1715212","Así será la fiscalidad de la automoción","fiscalidad de la automoción","neutral","neutral","neutral"
"1715663","Análisis técnico de los 10.000 del Ibex","10.000 del Ibex","neutral","neutral","neutral"
"1721521","Mercedes GLA, desde 31.150 euros","Mercedes GLA","neutral","neutral","neutral"
"1723898","Zapatos de lujo con nombre de diva italiana","Zapatos de lujo","neutral","neutral","neutral"
"1828193","El Nikkei cierra plano","Nikkei","negative","negative","neutral"
"1848267","El debate pendiente sobre los ayuntamientos","ayuntamientos","neutral","neutral","neutral"
"1868103","Los valores de Hódar: Banco Santander, Repsol YPF, Red Eléctrica, BBVA","Hódar","neutral","neutral","neutral"
"1874730","Los valores de Hódar: Abengoa, OHL, Tubos Reunidos, Tubacex","Hódar","neutral","neutral","neutral"
"2022605","Emmanuel Macron: inspector fiscal, banquero y nuevo presidente de Francia","Emmanuel Macron","positive","neutral","neutral"
"2022628","Hummer pasará a manos Chinas","Hummer","neutral","neutral","neutral"
"840492","Trabajo ha impuesto sanciones por más de 1.530 millones desde la entrada en vigor del control horario","Trabajo","positive","positive","negative"
"1025455","El presidente de la OPEP dice que el petróleo está demasiado caro","petróleo","positive","negative","negative"
"1530198","El Banco de España cree que la reforma de pensiones no basta para cubrir costes","Banco de España","negative","negative","negative"
"1770905","Hacienda se embolsará 370 euros más por contribuyente en el IRPF gracias a la inflación","Hacienda","positive","negative","negative"
"1903575","El FMI urge a Italia y España a pedir el rescate para detener la crisis de deuda","FMI","neutral","negative","negative"
"3430054","Una tractorada en Córdoba abre las protestas contra la PAC y la subida de costes","PAC","negative","negative","negative"
"4258657","El petróleo avista los 82 dólares: la demanda gana a la normalidad en Kazajistán y Libia","petróleo","positive","negative","negative"
"362691","MásMóvil lidera el crecimiento de móviles en septiembre con 42.000 líneas","MásMóvil","positive","negative","neutral"
"376117","Realia crea una filial patrimonial para entrar en el negocio de alquiler de vivienda","Realia","positive","negative","neutral"
"527808","Central sindical argentina llama a una huelga general el 29 de mayo","Central sindical argentina","positive","negative","negative"
"536435","Santander y Unicaja, los bancos favoritos de Goldman Sachs para ganar en bolsa","Santander","positive","negative","neutral"
"587307","Iberdrola se adjudica el mayor número de lotes en subasta solar de Portugal","Iberdrola","positive","negative","neutral"
"702301","EE.UU. aumenta del 10 % al 15 % los aranceles contra Airbus","EE.UU","positive","negative","neutral"
"712043","Cofares rompe su techo histórico de facturación y aumenta su cuota de mercado","Cofares","positive","negative","neutral"
"759555","Elon Musk agota sus pantalones cortos de Tesla en cinco minutos","Elon Musk","positive","negative","positive"
"994052","La economía china ya acecha el podio de las potencias mundiales","economía china","positive","negative","negative"
"1007696","Bundesbank: economía alemana se aprovechará de coyuntura global","Bundesbank","positive","negative","negative"
"1071094","Las ventas de las grandes empresas crecieron un 4,9%","grandes empresas","positive","negative","neutral"
"1077388","Los clientes de las franquicias prefieren Facebook a Twitter","Facebook","positive","negative","neutral"
"1109403","Enagás cierra la compra de otro 20% de GNL Quintero en Chile por 178 millones de euros","Enagás","positive","negative","neutral"
"1490860","AT&T adquiere Nextel México por 1.875 millones de dólares","AT&T","positive","negative","neutral"
"1590119","Telefónica cierra la compra del 22% de Canal+ a Mediaset","Telefónica","positive","negative","neutral"
"1700745","Minoritarios de Bankia reclamarán responsabilidad patrimonial al Banco de España, Economía y la CNMV","Minoritarios de Bankia","positive","negative","positive"
"1721225","Privalia realiza el 25 % de todas las ventas de moda online en España","Privalia","positive","negative","neutral"
"1825751","La banca española se rebela contra Moody’s","banca española","positive","positive","neutral"
"3127535","La Inspección de Trabajo ya sanciona a pymes por el control horario","Inspección de Trabajo","positive","negative","neutral"
"3147079","Dancausa admite que las sinergias de Línea Directa con Bankinter “son mínimas”","Línea Directa","negative","neutral","neutral"
"3183022","El gigante chino del petróleo Sinopec se lanza a la carrera por liderar el hidrógeno","Sinopec","positive","negative","neutral"
"3189808","Las ‘boutiques’ plantan cara a los grandes bancos en el ranking de rentabilidad","‘boutiques’","positive","negative","neutral"
"3404685","El grupo chino Shandong Ruyi Group negocia la compra de Sandro, Maje y Claudie Pierlot","Shandong Ruyi Group","positive","negative","neutral"
"3748725","BlackRock desbanca a BBVA del podio de la gestión de fondos en España","BlackRock","positive","negative","neutral"
"3763079","Así enfrentará Home Depot a sus rivales (incluido Ikea) en cualquier piso de ventas","Home Depot","positive","negative","neutral"
"3792368","Los gigantes desafían a los negacionistas de las 'cripto' a golpe de talonario","gigantes","positive","negative","neutral"
"4252399","La nueva promesa de Volkswagen para finales de 2021 es una declaración de guerra a Tesla","Volkswagen","positive","negative","neutral"
"4411701","Globalia mete miedo a sus rivales en el segmento de viajes para empresas","Globalia","positive","negative","neutral"
"4661366","Los Xiaomi Mi 11 Ultra y Mi 11i llegan a España para batirse en duelo con lo mejor del mercado: buena cámara, diseño y procesador","Xiaomi Mi 11 Ultra","positive","negative","neutral"
"4841304","CaixaBank gana 5.226 millones por el efecto contable de absorber Bankia","CaixaBank","positive","negative","neutral"
"5040657","CaixaBank cierra 2021 como el grupo líder en gestión de fondos","CaixaBank","positive","negative","neutral"
"5072574","PwC deja como mentirosos a Torres y el BBVA respecto al 'forensic' sobre Villarejo","PwC","positive","negative","neutral"
"6021995","Mango destroza a la competencia con este vestido cruzado estampado","Mango","positive","negative","neutral"
"6061918","Masaveu aprovecha las caídas por Ucrania para comprar más acciones de Línea Directa y Bankinter","Masaveu","positive","negative","neutral"
"6197904","Abanca se hace con Bankoa","Abanca","positive","negative","neutral"
"6198834","Broadcom quiere a Qualcomm y lanza la mayor oferta por una tecnológica","Broadcom","positive","negative","neutral"
"4841304","CaixaBank gana 5.226 millones por el efecto contable de absorber Bankia","CaixaBank","positive","negative","neutral"
"246749","Francia estrena el derecho a la 'desconexión' laboral","Francia","positive","negative","positive"
"316865","La compra de coches se traslada del concesionario al Whatsapp","compra de coches","positive","negative","positive"
"600470","AliExpress abrirá su primera tienda en España y lo celebrará con descuentos y sorteos","AliExpress","positive","negative","positive"
"678857","Citigroup planea contratar unos 2.500 programadores para ser más competitivo","Citigroup","positive","negative","positive"
"692279","Firmado el acuerdo para subir el salario mínimo a 950 euros en 2020","salario mínimo","positive","negative","positive"
"762929","Supremo alemán reconoce derecho a indemnización por Volkswagen manipulado","derecho a indemnización","positive","negative","positive"
"1040192","Cómo convertir un pequeño negocio en una tienda online para competir contra Amazon","pequeño negocio","positive","negative","neutral"
"1157108","Lidl se estrena como inquilino de un centro comercial","Lidl","positive","negative","positive"
"1704347","Catalunya Banc y Novagalicia Banco baten a Bankia en ayudas públicas","Catalunya Banc","positive","negative","positive"
"1820640","El Puente Aéreo de Iberia desactiva al AVE","Puente Aéreo de Iberia","positive","negative","neutral"
"3039042","Yolanda Díaz quiere obligar a las empresas a llevar un censo de los trabajadores fijos-discontinuos","Yolanda Díaz","positive","negative","neutral"
"3076645","Bankia fastidia el negocio a los abogados oportunistas","Bankia","positive","negative","neutral"
"3152514","El Gobierno revisará los sueldos de los directivos de empresas públicas","Gobierno","positive","negative","positive"
"3224193","El coste de la hora trabajada sube un 2,9% en el cuarto trimestre","hora trabajada","positive","negative","positive"
"3280627","Los sindicatos europeos quieren que Ryanair no sea Ryanair","sindicatos europeos","positive","neutral","neutral"
"3541294","Cómo un BMW ayudó a descubrir el fraude de Volkswagen","un BMW","positive","negative","positive"
"3988731","Este es el servicio que Carrefour ofrece a sus clientes y que la competencia debería imitar ","Carrefour","positive","negative","positive"
"4247915","Bruselas insiste en reivindicar la 'tasa Google'","Bruselas","positive","negative","neutral"
"4666726","Samsung tiene unos auriculares inalámbricos llamados Galaxy Buds de 149 euros para competir con los AirPods de Apple: estas son las principales diferencias","Samsung","positive","negative","positive"
"4979663","La cartera de cuero de Lidl por 12,99 euros que se agota en horas","Lidl","positive","negative","positive"
"5554581","Airbnb resiste al Covid y niveles de reservas casi igualan a los registrados en prepandemia","Airbnb","positive","negative","positive"
"5987113","Estos auriculares de Xiaomi arrasan por su bajo precio, y tienen poco que envidiar a otros mucho más caros","auriculares de Xiaomi","positive","negative","positive"
"692279","Firmado el acuerdo para subir el salario mínimo a 950 euros en 2020","salario mínimo","positive","negative","positive"
"246749","Francia estrena el derecho a la 'desconexión' laboral","desconexión' laboral","positive","negative","positive"
"50736","Brasil calcula que recibirá 20.000 millones de dólares por la privatización de Eletrobras","Brasil","positive","neutral","neutral"
"186251","Así puede obligarte tu banco a pagar comisiones: puede pasar en esos casos","tu banco","positive","neutral","negative"
"237643","Unicaja ofrece prejubilaciones a los 57 años en su ERE","Unicaja","positive","neutral","neutral"
"265649","Bankia asume otro ajuste de red y plantilla al absorber BMN","Bankia","positive","negative","neutral"
"298352","El precio de la vivienda sube el 6,2% en 2017, el mayor avance en diez años","precio de la vivienda","positive","neutral","negative"
"321972","Los VTC hacen campaña a dos días del decreto del Gobierno","VTC","positive","neutral","neutral"
"388945","Las quejas a la banca por cuentas y tarjetas superan a las de las hipotecas","la banca","negative","neutral","negative"
"518213","Acuerdan 38 prejubilaciones en dos empresas de Lladró y siguen negociaciones","dos empresas de Lladró","positive","neutral","neutral"
"39702","Openbank, nuevo patrocinador oficial del Mutua Madrid Open","Openbank","positive","neutral","neutral"
"46962","BBVA, primer banco español en sumarse a la Alianza para la Contabilidad del Carbono","BBVA","positive","neutral","neutral"
"47434","La hora del ‘Green Recovery’ y la digitalización","‘Green Recovery’","positive","neutral","neutral"
"50431","El lobby europeo del capital riesgo tiene nueva presidenta para afrontar un periodo clave","lobby europeo del capital riesgo","positive","neutral","neutral"
"50654","Primafrio aplaza su salida a Bolsa","Primafrio","negative","positive","neutral"
"54038","Santander: ""Estamos atentos a oportunidades inorgánicas en EEUU""","Santander","positive","neutral","neutral"
"55404","Gay de Liébana: la voz de la economía","Gay de Liébana","positive","neutral","neutral"
"56728","Bankinter: hay vida sin Línea Directa","Bankinter","positive","neutral","neutral"
"57067","Santander planta cara a los gigantes de Wall Street","Santander","positive","negative","neutral"
"65312","Fitch, Moody's y S&P otorgan grado de inversión a Cepsa","Fitch","positive","negative","neutral"
"65554","Frinsa, proveedor de atún de Lidl o Carrefour, facturó un récord de 588 millones en 2020","Frinsa","positive","neutral","neutral"
"69885","Guindos aprecia factores estructurales en la subida de la inflación","Guindos","positive","neutral","negative"
"75672","Los grandes valores más baratos de Europa incluyen a Banco Santander y BBVA","Banco Santander","positive","negative","neutral"
"78318","Sabadell coloca 750 millones de euros en ‘cocos’ al 5%","Sabadell","positive","negative","neutral"
"83601","TAG Heuer se sube a los esquís","TAG Heuer","positive","neutral","neutral"
"89440","Glencore vende un 40% de su negocio agrícola a un fondo canadiense","Glencore","positive","neutral","neutral"
"89633","Pikolin, único finalista español al premio a la Excelencia Logística","Pikolin","positive","negative","neutral"
"95626","Grup Peralada compra el edificio de Versace en el Passeig de Gràcia","Grup Peralada","positive","neutral","neutral"
"102304","Santander ganó 2.911 millones de euros, un 32% menos, y supera previsiones","Santander","positive","negative","neutral"
"104510","Dogi convoca junta extraordinaria para ratificar la compra de Treiss","Dogi","positive","neutral","neutral"
"104674","Las unit economics como base del modelo de negocio","unit economics","positive","neutral","neutral"
"111632","Avinatur sitúa su planta de Granada a la cabeza del sector","Avinatur","positive","negative","neutral"
"114615","La apuesta de la NFL por la globalización","NFL","positive","neutral","neutral"
"117947","Banco Sabadell supera las previsiones y eleva su beneficio un 11,6% hasta septiembre","Banco Sabadell","positive","negative","neutral"
"120821","AQR desembarca en BBVA y ya es el mayor azote bajista de la banca","AQR","positive","neutral","neutral"
"121398","Destinia cierra el 'Black Friday' con una subida del 34% en su facturación","Destinia","positive","negative","neutral"
"122158","El grifo de cerveza se vuelve digital","grifo de cerveza","positive","neutral","neutral"
"125374","Grocasa Hipotecas consolida su crecimiento en 2021","Grocasa Hipotecas","positive","negative","neutral"
"131558","Abe pide cifras de inversión en EEUU para Trump","Abe","neutral","neutral","neutral"
"133061","Un vicepresidente de Santander presidirá Lloyds of London","vicepresidente de Santander","positive","neutral","neutral"
"136676","El Chart de Hódar: Liberbank, a la cabeza del sector","Liberbank","positive","negative","neutral"
"137233","Moneycorp crece en España con las miras puestas en América Latina","Moneycorp","positive","neutral","neutral"
"138373","Algora inicia una campaña para que el nuevo Seat lleve su nombre","Algora","positive","neutral","neutral"
"141444","Empark se adjudica su primer contrato en Francia","Empark","positive","neutral","neutral"
"145730","El FMI insta a China a acelerar las reformas para consolidar su crecimiento","FMI","positive","neutral","neutral"
"148775","Los áticos y dúplex de obra nueva más lujosos del centro de Madrid","áticos y dúplex de obra nueva","positive","neutral","neutral"
"149728","Las islas lideran la subida de precios en el primer semestre","islas","positive","neutral","neutral"
"151459","Boeing sube en bolsa después de volver a la senda de los beneficios tras dos años","Boeing","positive","neutral","neutral"
"152485","Regal Lion, el tapón joya para vinos y licores que cuesta 21.000 euros","Regal Lion","positive","neutral","negative"
"153588","Value investing en la asignación de carteras de los fondos de fondos","Value investing","positive","neutral","neutral"
"154530","El BCE ultima el cambio regulatorio que evitará un nuevo 'caso Popular'","BCE","positive","neutral","neutral"
"159592","El fondo Lone Star cierra la compra de Novo Banco","fondo Lone Star","positive","neutral","neutral"
"161210","Ávoris compra a Globalia la marca Latitudes","Ávoris","positive","neutral","neutral"
"162807","Solaria ganó 5,6 millones de euros hasta septiembre, casi el doble","Solaria","positive","neutral","neutral"
"162883","Vodafone, una vieja estrella de rock","Vodafone","positive","neutral","neutral"
"166773","El Gobierno destaca el ejemplo de reconversión de Chocolates Trapa","Chocolates Trapa","positive","neutral","neutral"
"166788","Allen & Overy y Herbert, las marcas más valoradas de Europa","Allen & Overy","positive","neutral","positive"
"170208","Aragón sigue fortaleciendo sus relaciones comerciales con Yiwu","Aragón","positive","neutral","neutral"
"173857","Aena estudia mejorar el dividendo para aplacar las exigencias de TCI","Aena","positive","neutral","neutral"
"260439","Inditex, Mercadona y Santander, las empresas con mejor reputación corporativa en España","Inditex","positive","neutral","neutral"
"270332","Bankia defiende que el folleto de salida a Bolsa era un reflejo fiel y exhaustivo de su patrimonio","Bankia","positive","neutral","neutral"
"272748","Ferrero compra a Nestle su negocio de dulces en EEUU por unos 2.300 millones","Ferrero","positive","negative","neutral"
"274952","Telefónica consolida su racha alcista y alcanza máximos de dos meses","Telefónica","positive","neutral","neutral"
"277649","Airbnb ficha a un directivo de Amazon como director financiero global","Airbnb","positive","neutral","neutral"
"278085","El Supremo avala anular las 35 horas semanales para los funcionarios vascos","funcionarios vascos","positive","neutral","neutral"
"285776","BBVA, líder mundial en banca móvil por tercer año consecutivo","BBVA","positive","negative","neutral"
"288513","Valores a seguir jueves día 1: Biosearch, Sniace, Atresmedia, Iberdrola","Valores a seguir","positive","neutral","neutral"
"290385","Mercedes paraliza la separación de negocios que abría un 'agujero' fiscal de 200 millones en Álava","Mercedes","positive","neutral","neutral"
"295507","Sabadell negocia la venta de carteras inmobiliarias valoradas en 3.300 millones","Sabadell","positive","neutral","neutral"
"295996","El banco central de China sube los tipos interbancarios tras el alza de la Fed","banco central de China","positive","negative","negative"
"304944","Reale Seguros logra un resultado récord de 57 millones de euros","Reale Seguros","positive","negative","neutral"
"316320","Deloitte prevé más compras en el azulejo pese a la ralentización","Deloitte","positive","neutral","neutral"
"318021","Liberbank fija nuevos objetivos de reducción de activos tóxicos en dos años","Liberbank","positive","positive","neutral"
"327742","MásMóvil completa el segundo proceso de refinanciación del crédito senior sindicado por 831 millones","MásMóvil","positive","neutral","neutral"
"335429","Desconvocadas las huelgas del 10 y 13 de enero en Ryanair","Ryanair","neutral","neutral","positive"
"339403","El Gobierno británico vuelve a pedir apoyo a su pacto de Brexit sin haber obtenido concesiones de la UE","Gobierno británico","positive","neutral","neutral"
"349116","Data Officers o cómo gobernar el complejo universo de los datos","Data Officers","positive","neutral","neutral"
"353915","Una empresa pegada a la innovación","Una empresa","positive","neutral","neutral"
"363217","Airbus reclama lanzar nuevos programas europeos para seguir creciendo","Airbus","positive","neutral","neutral"
"373824","AENA trabaja con el fondo First State para pujar por el aeropuerto de Sofía","AENA","positive","neutral","neutral"
"384175","Técnicas Reunidas multiplica por trece su beneficio en el primer trimestre","Técnicas Reunidas","positive","negative","neutral"
"390260","El CEO de Airbus, sobre la crisis de Boeing: ""Los muy sabios aprenden de los errores de los demás""","CEO de Airbus","neutral","neutral","neutral"
"48007","Claves para ahorrar impuestos al cobrar el seguro de vida","Claves para ahorrar impuestos","positive","neutral","positive"
"50518","Openbank abarata la hipoteca fija a los clientes más diligentes","Openbank","positive","neutral","positive"
"51851","El Tribunal Supremo convierte en indefinidos a los interinos que lleven más de tres años en la Administración","Tribunal Supremo","neutral","neutral","positive"
"52148","Repsol sale al mercado para captar 1.250 millones en deuda sostenible","Repsol","positive","neutral","positive"
"55520","El 'efecto Amazon' fija la pauta para el salario mínimo en EEUU","efecto Amazon","positive","neutral","positive"
"63211","El IPC escala al 3,3% y elevará la factura de las pensiones en más de 3.200 millones","IPC","positive","negative","negative"
"65574","El proyecto energético del Gobierno sale victorioso de su reválida en el Congreso","proyecto energético del Gobierno","positive","neutral","positive"
"96630","Los hogares aragoneses podrían ahorrar 158 millones al año en la factura energética","hogares aragoneses","positive","neutral","positive"
"96850","Renault Pasion Tour: un evento pensado para toda la familia","Renault Pasion Tour","positive","neutral","positive"
"101623","Las CCAA y los sindicatos exigen ‘seguridad jurídica’ en la reforma para los interinos","CCAA","positive","neutral","positive"
"103372","Volkswagen introducirá el filtro de partículas en los motores de gasolina a partir de 2017","Volkswagen","positive","neutral","positive"
"112377","Pérez Baquero abrirá un hotel de 5 estrellas junto a Plaça Catalunya","Pérez Baquero","positive","neutral","positive"
"114260","Nike HyperAdapt 1.0, las zapatillas que se atan solas","Nike HyperAdapt 1.0","positive","neutral","positive"
"120717","El AVE llegará a Murcia a finales de 2017","AVE","positive","neutral","positive"
"121566","Segway lanza Ninebot Mini, su último y divertidísimo monopatín eléctrico","Ninebot Mini","positive","neutral","positive"
"122954","Gibraltar pide un ""acuerdo diferenciado"" con la UE tras el Brexit","Gibraltar","positive","neutral","positive"
"122976","Barcelona premiará con tres años de transporte público gratuito a los que se deshagan de sus coches contaminantes","Barcelona","positive","neutral","positive"
"124461","El Sorteo de Navidad deja 1,46 millones en la provincia de Badajoz","Sorteo de Navidad","positive","neutral","positive"
"139518","Aragón Plataforma Logística estrena web con un buscador único de parcelas","Aragón Plataforma Logística","positive","neutral","positive"
"145746","Primark abre la tienda más grande de Cataluña en Tarragona","Primark","positive","negative","positive"
"149719","Diez planes de pensiones con rentabilidades superiores al 30%","planes de pensiones","positive","neutral","positive"
"164304","Fomento tendrá licitadas las obras de los seis tramos del Corredor Murcia-Almería antes de junio de 2018","Fomento","positive","neutral","positive"
"168205","El Gobierno de Aragón resuelve casi mil becas para universitarios aragoneses","Gobierno de Aragón","positive","neutral","positive"
"170292","Inditex es optimista ante el cierre de su ejercicio","Inditex","positive","negative","positive"
"172692","El Consejo de Ministros aprobará este mes la Obligación de Servicio Público","Consejo de Ministros","positive","neutral","positive"
"209799","Amazon duplicará plantilla en España con la creación de 1.600 empleos en 2018","Amazon","positive","negative","positive"
"213098","Citroën lanza unas gafas antimareo para facilitar la operación salida y los viajes en coche","Citroën","positive","neutral","positive"
"223778","Aena registró 42,7 millones de pasajeros hasta marzo, un 14,4% más","Aena","positive","neutral","positive"
"224589","Hacienda investiga otra lista de españoles con 6.600 millones en cuentas suizas","Hacienda","positive","neutral","positive"
"237299","Sánchez anuncia nuevas ayudas a los hogares vulnerables en invierno","ayudas a los hogares vulnerables","positive","neutral","positive"
"247438","El acuerdo extrajudicial contempla la devolución de las cláusulas suelo en tres meses","acuerdo extrajudicial","positive","neutral","positive"
"252835","Los desahucios, en el nivel más bajo desde 2014, tras caer un 6,4% el año pasado","desahucios","negative","neutral","positive"
"262661","Mercadona contrata a 7.000 personas para el verano","Mercadona","positive","negative","positive"
"275562","La movilidad sostenible al alcance de todos","movilidad sostenible","positive","neutral","positive"
"299513","La afiliación de extranjeros logra su mejor febrero en una década","afiliación de extranjeros","positive","neutral","positive"
"310828","El Ayuntamiento abre el plazo para solicitar las ayudas económicas al deporte escolar","Ayuntamiento","positive","neutral","positive"
"313437","“La tecnología no puede perder de vista a las personas”","tecnología","neutral","neutral","positive"
"319666","Lidl eliminará las bolsas de plástico de todas sus tiendas en España","Lidl","positive","neutral","neutral"
"319667","Inveravante (Manuel Jove) y BBVA levantan viviendas de lujo en el centro de Madrid","Inveravante","positive","neutral","positive"
"324248","No olviden seguir usando sus vales guardería, la DGT confirma su compatibilidad con la nueva deducción por gastos de guardería","vales guardería","positive","neutral","positive"
"325089","Famosa celebra 50 años de Nancy con una edición limitada de 10.000 unidades","Famosa","positive","neutral","positive"
"334478","El BOE publica una resolución que flexibiliza la jornada de los empleados públicos","BOE","positive","neutral","positive"
"339415","Habitat suma ya suelo para levantar 10.000 viviendas","Habitat","positive","neutral","positive"
"348810","Sacyr construirá la primera fase del Plan de Riego de Adelaida del Norte","Sacyr","positive","neutral","positive"
"357408","Bankia prevé terminar el ERE el próximo 30 de noviembre","Bankia","positive","neutral","positive"
"360301","Santander abrirá desde este lunes 500 oficinas por la tarde","Santander","positive","neutral","positive"
"363017","El Corte Inglés gana un 2,4% más con un récord de ventas en cinco años","Corte Inglés","positive","negative","neutral"
"363454","El South Summit alza la voz y reclama más apoyo público a la innovación","South Summit","positive","neutral","neutral"
"370907","Polonia aprueba un impuesto para la banca para financiar políticas sociales","Polonia","positive","neutral","positive"
"371538","La expedición de DNI y pasaportes generó 118 millones de euros en ingresos en 2018","expedición de DNI y pasaportes","positive","neutral","negative"
"373921","Iberdrola apuesta por la eólica marina y las subastas para duplicar su cartera 'verde' en EEUU","Iberdrola","positive","neutral","positive"
"416974","Las gasolineras automáticas permiten ahorrar más de 320 euros al año a los consumidores","gasolineras automáticas","positive","neutral","positive"
"428061","Los bancos abren otra era de viviendas baratas","bancos","positive","neutral","positive"
"435379","Telefónica prorroga el plan de bajas y subirá los sueldos un 1,5% en 2018","Telefónica","positive","negative","positive"
"444093","Iberdrola lanza un bono híbrido verde de al menos 500 millones","Iberdrola","positive","negative","positive"
"452991","El Consejo de Europa constata mejoras en Andorra contra el blanqueo","Consejo de Europa","positive","neutral","positive"
"459053","III Foro Reciclaje y Economía Circular. Fotografías de grupo","Foro Reciclaje y Economía Circular","neutral","neutral","neutral"
"467547","Toyota y Carmera se alían para elaborar mapas en alta definición","Toyota","positive","neutral","positive"
"472071","UGT se opondrá a cualquier cambio que afecte a los prejubilados de Izar","UGT","positive","neutral","neutral"
"479823","Iberdrola inicia este lunes su gran planta fotovoltaica en Usagre (Badajoz)","Iberdrola","positive","neutral","positive"
"480213","China, un dragón asiático que despega","China","positive","neutral","neutral"
"487534","Huawei lo apuesta todo a la fotografía con sus nuevos smartphones","Huawei","positive","neutral","positive"
"495431","Siemens Gamesa lanza una nueva plataforma eólica terrestre de 5,8 MW","Siemens Gamesa","positive","neutral","positive"
"506247","Fitch mantiene el rating de Adif-AV tras una nueva emisión de bonos","Fitch","positive","neutral","positive"
"509892","Audi RS6 Avant: la berlina familiar más deportiva de Audi se renueva","Audi RS6 Avant","positive","neutral","positive"
"512982","Tokio 2020: Toyota desarrollará vehículos específicos para los Juegos Olímpicos y Paralímpicos","Toyota","positive","neutral","positive"
"516522","Los españoles conservan pesetas por valor de 1.624 millones de euros","españoles","neutral","neutral","neutral"
"522930","CaixaBank reduce a 6.950 las salidas del ERE para alcanzar un acuerdo","CaixaBank","positive","neutral","neutral"
"524984","Montoro anuncia que emprenderá, en plena crisis catalana, la mejora de la financiación autonómica","Montoro","positive","neutral","positive"
"529100","Socio mayoritario de Carige está dispuesto a ""apoyar una solución de mercado""","Socio mayoritario de Carige","positive","neutral","positive"
"532834","Italiana Enel abre parque eólico de 150 millones dólares en México","Italiana Enel","positive","negative","positive"
"534343","Sony eleva su apuesta por los juegos, la música y el cine en ""streaming""","Sony","positive","neutral","positive"
"1157749","Los ""ricos"" merecen menos impuestos que los pobres","""ricos""","positive","negative","negative"
"6212288","Gas natural y energéticos al alza: Conflicto en Ucrania presiona los precios","Gas natural","positive","negative","negative"
"267682","Los hogares aumentaron sus compras un 180% esta semana ante el repunte del coronavirus","hogares","negative","positive","negative"
"6212288","Gas natural y energéticos al alza: Conflicto en Ucrania presiona los precios","Gas natural","positive","negative","negative"
"1157749","Los ""ricos"" merecen menos impuestos que los pobres","""ricos""","positive","negative","negative"
"260080","El sector 'fintech' se alía con el ahorro","sector 'fintech'","positive","positive","neutral"
"280382","Empresarios asturianos piden acuerdo que garantice futuro de Duro Felguera","Empresarios asturianos","positive","neutral","neutral"
"286888","El Black Friday salva la venta de coches en Euskadi","Black Friday","positive","positive","neutral"
"289308","Dava Newman: ""Amazon será un actor importante en la comercialización del espacio""","Amazon","positive","neutral","neutral"
"292589","La CEOE pide un pacto de estado para impulsar la industria","CEOE","positive","positive","neutral"
"329999","Santander abonará el próximo 1 de agosto un dividendo de 0,065 euros con cargo a 2018","Santander","positive","neutral","neutral"
"365717","Iberdrola reconoce a la vasca Ingeteam su compromiso por la internacionalización","Iberdrola","positive","neutral","neutral"
"394046","El programa militar FCAS garantiza el crecimiento futuro de la empresa vasca ITP","programa militar FCAS","positive","neutral","neutral"
"426832","Ford «contrata» a los inquietantes perros robot de Boston Dynamic","Ford","positive","neutral","neutral"
"532013","El comité de Tubacex se abre ahora a negociar con la empresa sin condiciones","comité de Tubacex","positive","neutral","neutral"
"533070","Ana Botín sobre DIA: Hemos tratado de llegar a un acuerdo bueno para todos","Ana Botín","positive","neutral","neutral"
"616023","Wall Street remonta las pérdidas iniciales a la espera de la Fed","Wall Street","positive","positive","neutral"
"659354","Los intangibles absorben el 35% de la inversión en España, a la cola de la UE","intangibles","positive","neutral","neutral"
"684796","Amazon, Microsoft, Adidas... la lista de la compra de Capital Group para 2020","Amazon, Microsoft, Adidas","neutral","neutral","neutral"
"697340","Opel prevé invertir 2.000 millones de euros en una nueva fábrica de baterías","Opel","positive","positive","positive"
"711994","Aprovisionamiento masivo de material sanitario en las empresas ante las dudas sobre la desescalada","Aprovisionamiento masivo","negative","negative","neutral"
"732873","Macy’s se apunta al auge del deporte y firma un acuerdo con Fanatics para su tienda online","Macy’s","positive","positive","positive"
"756033","Fitch cree que el préstamo para comprar MásMóvil refleja el interés del mercado","Fitch","neutral","neutral","neutral"
"792126","Las mejores operaciones con divisas en verano","operaciones","positive","positive","positive"
"797195","El Gobierno amplía a 1.000 millones de capitalización el techo para las cotizadas en BME Growth","Gobierno","positive","positive","positive"
"829328","Estrella Galicia sale de nuevo en ayuda de la hostelería","Estrella Galicia","positive","positive","positive"
"970842","Trea AM ve oportunidades de inversión en Mapfre, Indra, FCC, Gestamp y Alantra","Trea AM","positive","positive","neutral"
"982995","Economía/OPA.- El Supremo resolverá el próximo día 20 sobre las medidas cautelares pedidas por Endesa para frenar la OPA","Endesa","positive","positive","neutral"
"992961","Las franquicias con una inversión media tienen un club de mecenas","franquicias","positive","positive","neutral"
"992967","Una delegación de empresas catalanas buscará nuevas alianzas comerciales en Chile","delegación de empresas catalanas","positive","positive","neutral"
"1005726","España inaugura las subastas de julio con una emisión de bonos y obligaciones","España","positive","positive","positive"
"1029842","Bear Stearns eleva Telefónica y Móviles hasta ""sobreponderar""","Bear Stearns","positive","positive","neutral"
"1084934","Los extranjeros copan el 15,4% de las compras de pisos","extranjeros","positive","neutral","neutral"
"1093877","Fondos que suben más de un 100%","Fondos","positive","positive","positive"
"1099089","Citadel aumenta su participación en Dia hasta el 1,362%","Citadel","positive","positive","neutral"
"1113117","Fundación Repsol lanza la 10ª convocatoria de su acelerador de 'startups' de energía","Fundación Repsol","positive","positive","neutral"
"1131249","EDP Renováveis vende unos activos eólicos en Portugal a China Three Gorges por 242 millones","EDP Renováveis","positive","positive","neutral"
"1133839","La selección del consejo, clave para mejorar el gobierno corporativo","selección del consejo","positive","neutral","neutral"
"1191723","La familia Entrecanales reorganiza su participación en el capital de Acciona","familia Entrecanales","positive","neutral","neutral"
"1257471","BBVA unificará su marca en todo el mundo para crecer en servicios digitales","BBVA","positive","positive","neutral"
"1301965","Mercadona logra líneas de liquidez de 2.100 millones para pagar a proveedores","Mercadona","positive","positive","positive"
"1493154","Un ex directivo de General Motors recomienda a Apple que no desarrolle un coche","ex directivo de General Motors","positive","neutral","neutral"
"1494880","HolaMOBI adquiere Movilredpublic y abre la puerta a nuevas compras","HolaMOBI","positive","positive","neutral"
"1564658","BeMate como primera respuesta del negocio 'tradicional' a los 'colaborativos'","BeMate","positive","positive","neutral"
"1577887","La Feria del Mueble cierra con una asistencia de 25.000 personas","Feria del Mueble","positive","positive","positive"
"1580435","GE califica de ""positiva"" la reunión con Hollande sobre Alstom","GE","positive","positive","neutral"
"1599621","Ana Botín garantiza su ""máximo esfuerzo"" para mantener la trayectoria de éxito de Santander","Ana Botín","positive","positive","neutral"
"1609319","EY y KPMG competirán con PwC por la auditoría de la OPV de Aena","EY","positive","positive","neutral"
"1611098","La Generalitat gestionará los terrenos de BCN World mientras se concretan inversores","Generalitat","positive","neutral","neutral"
"1680254","Airbus vende 50 aviones a una filial de Bank of China por 3.000 millones","Airbus","positive","positive","neutral"
"1701936","S&P retira su consejo de 'vender' BBVA","S&P","positive","neutral","neutral"
"1703867","La CNMV autoriza la opa de exclusión de bolsa de Vueling","CNMV","positive","negative","neutral"
"1717568","Chile espera inversiones ligadas a la astronomía por valor de 3.000 millones dólares","Chile","positive","positive","positive"
"1810827","La AEB defiende la solvencia de los bancos","AEB","positive","positive","neutral"
"1835845","Fitch 'limita' el contagio de la crisis de deuda en las empresas españolas","Fitch","negative","negative","negative"
"1841220","JC Flowers y otros inversores pujarán por CAM sólo si la sanea antes el Frob","JC Flowers","positive","positive","neutral"
"1851585","La Caixa lidera un crédito de 280 millones para Hutchison en el Puerto","Caixa","positive","positive","neutral"
"1853840","Unicaja negocia con inversor la venta de un 20% del grupo","Unicaja","positive","positive","neutral"
"1876575","Reunión de la Fed: tipos estables y un discurso prudente con una pizca de optimismo","Fed","positive","positive","positive"
"1880930","Santander ofrece 4.000 millones en créditos para pymes al 5%","Santander","positive","positive","positive"
"1884302","Las concesiones disparan el beneficio de OHL","OHL","positive","positive","neutral"
"1885409","Goirigolzarri tiene unos 40.000 euros invertidos en Bankia","Goirigolzarri","positive","positive","neutral"
"1891011","Adif licita su contrato de suministro eléctrico por 215 millones","Adif","positive","positive","neutral"
"3021181","El crédito a las empresas repunta: seguirán demandando financiación tras el verano","crédito","negative","negative","negative"
"3171179","Caixa Laietana admite estar hablando de fusiones con todas las entidades","fusiones","positive","positive","neutral"
"3172543","Recursos para desarrollar el potencial digital de tu pyme","pyme","positive","positive","positive"
"3229122","BMW y Mercedes buscarían una alianza frente a la crisis","BMW","positive","positive","neutral"
"3332046","La CNMV aprobará en breve la opa de Atlantia sobre Abertis","opa","positive","positive","neutral"
"3414623","Teip: la nueva FinTech que llega al mercado salvadoreño","Teip","positive","positive","neutral"
"3414758","La locura por el running relanza la venta de deportivas españolas","running","positive","positive","positive"
"3417685","La Cámara de Comercio de Sevilla redobla su esfuerzo en el Área Internacional para ayudar a las empresas","Cámara de Comercio de Sevilla","positive","positive","positive"
"3421789","Más dinero proveniente del BEI junto a entidades financieras españolas","BEI","positive","positive","neutral"
"3527056","Santander, ACS, Enagás, Aedas y Prosegur, en la lista de acciones 'value' de Goldman Sachs","Santander, ACS, Enagás, Aedas y Prosegur,","positive","positive","neutral"
"3544603","30 Promesas 2020 | Soluciones Kenko, gadgets mexicanos para la industria de salud","Kenko","positive","positive","positive"
"3741166","El servicio de coche por suscripción, un nuevo aliado para los concesionarios","coche por suscripción","positive","positive","neutral"
"3767499","La importancia de un plan estratégico en la 4ª revolución industrial","plan estratégico","positive","positive","neutral"
"3793941","España trabaja en privado para promocionar un fondo de recuperación para Latam","fondo de recuperación","positive","positive","neutral"
"56575","Recuperación e inflación, protagonistas de este semestre en los fondos","Recuperación","positive","positive","positive"
"56682","La firma de hipotecas alcanza niveles prepandemia y el tipo fijo gana adeptos","hipotecas","positive","neutral","positive"
"56843","Tras los descalabros del lunes, el Ibex 35 lanza un claro mensaje de fortaleza","Ibex 35","positive","positive","positive"
"61384","La Reserva Federal estudia reducir la compra de bonos a final de año","Reserva Federal","positive","negative","negative"
"63891","La UE y AstraZeneca ponen fin a la batalla legal por los retrasos de entregas de vacunas","UE y AstraZeneca","positive","positive","neutral"
"67240","Mirakl capta 472 millones para expandir el negocio de los 'marketplace'","Mirakl","positive","positive","neutral"
"68882","El regulador financiero de Suiza aprueba el primer fondo de inversión en criptoactivos","regulador financiero de Suiza","positive","positive","neutral"
"69310","Argelia garantiza a España ""la continuidad del suministro"" de gas","Argelia","positive","positive","positive"
"75947","Las 'Big Tech' crecen un 26% con el impulso de Microsoft y Google","Big Tech'","positive","positive","neutral"
"79260","Igualada reinventa su industria de la moda: tricot para el ‘fast fashion’ y piel para el lujo","Igualada","positive","positive","positive"
"86031","La Caixa invierte 150 millones en un proyecto urbanístico en Andorra","La Caixa","positive","positive","positive"
"95597","El agua, elemento imprescindible para el desarrollo económico","El agua","positive","positive","positive"
"98690","La AIReF asegura que el PIB creció un 0,75% en el segundo trimestre y repuntará un 0,8% en el tercero","AIReF","positive","positive","positive"
"98822","El sector servicios crece al ritmo más rápido desde noviembre","sector servicios","positive","positive","positive"
"117963","Vemedia: ""Queremos hacer compras en España""","Vemedia","positive","positive","positive"
"122988","El verano creó 5.000 empleos más en los mayores destinos","empleos","positive","positive","positive"
"123807","La Societat Econòmica d'Amics del País pide diálogo y rechaza la desobediencia","Societat Econòmica d'Amics del País","positive","positive","positive"
"132436","Gaia apuesta por alianzas, centros de innovación y oferta especializada","Gaia","positive","positive","positive"
"136008","China lidera una nueva energía nuclear, limpia y barata, basada en el torio","China","positive","positive","positive"
"137541","Wall Street vuelve a tirar del carro","Wall Street","positive","positive","positive"
"138931","El PIB francés crece un 0,3% en el primer trimestre","PIB","positive","positive","positive"
"143852","Un documental chino muestra que hay vida después de la quiebra de una empresa","documental chino","positive","positive","positive"
"145878","España, el país más barato de la eurozona para comprar ropa","España","positive","positive","positive"
"148820","IBM presenta un procesador cuántico cuya capacidad de cálculo es imposible de simular con un ordenador clásico","IBM","positive","positive","neutral"
"154964","La producción industrial modera su avance en julio con un alza del 2%","producción industrial","negative","negative","negative"
"156202","Los Técnicos de Hacienda recomiendan aprobar por decreto ley la intervención de cuentas de Cataluña","Técnicos de Hacienda","positive","negative","negative"
"167271","Santisteve confía en la ""buena voluntad"" del PSOE para llegar a un acuerdo en el presupuesto de 2018","Santisteve","positive","positive","positive"
"167324","Correos abre su Departamento de Envíos Extraordinarios por Navidad","Correos","positive","positive","positive"
"168485","Roberto Scholtes: ""La Bolsa europea puede subir hasta un 12% este año""","Bolsa europea","positive","positive","positive"
"170640","El recibo de la luz bajaría un 55% en 2050 si se cumpliera la reducción de emisiones","recibo de la luz","positive","positive","positive"
"171440","Reino Unido mantendrá intacta la ""estructura legal"" de la UE durante la transición del Brexit","Reino Unido","positive","negative","negative"
"172769","La Junta valora que el aumento de la producción industrial refleja la ""intensa recuperación del sector""","La Junta","positive","positive","positive"
"223765","Las bolsas suben aupadas por el crudo y pese al FMI","bolsa","positive","positive","positive"
"227194","De Guindos afirma que es compatible bajar el IRPF y reducir el déficit","De Guindos","positive","negative","negative"
"228977","El Ibex recupera un 2,48% de la sangría 'post-Brexit'","Ibex","negative","positive","positive"
"253405","El Ibex 35 lidera Europa y se asienta sobre los 9.800 puntos","Ibex 35","positive","positive","positive"
"258058","Calviño calcula un crecimiento superior al 10% en el tercer trimestre","Calviño","positive","positive","positive"
"260775","Bajas comisiones, factor esencial al elegir banco","Bajas comisiones","negative","positive","positive"
"285692","Josep Prats: ""2018 será el año de los bancos""","bancos","positive","positive","negative"
"289248","Los sueldos inician su recuperación en Euskadi tras cuatro años de bajadas","sueldos","positive","positive","positive"
"294151","La Eurocámara exige la mejora de las condiciones laborales en el sector de la aviación","Eurocámara","positive","positive","positive"
"308696","La inflación de la eurozona se queda en diciembre en el 1,6%","inflación","positive","positive","positive"
"316772","Irene Lozano: ""España puede ocupar el espacio que deja Reino Unido en la UE""","España","positive","positive","positive"
"330857","El BdE aconseja evitar presupuestos expansivos y señala que el PIB crecerá otro 0,7% en el segundo trimestre","BdE","positive","positive","positive"
"337091","Los expertos prevén un crecimiento del 2,2%, igual que el Gobierno","Los expertos","positive","positive","positive"
"342991","Bolinches: «Mientras el Ibex aguante los 9.750, sigue en la senda del 10.000»","Ibex","positive","positive","positive"
"349434","China expresa su apoyo a Turquía ante crisis monetaria y tensiones con EEUU","China","negative","negative","negative"
"354288","La deuda de las familias se reduce en 6.800 millones de euros en julio","deuda de las familias","positive","positive","positive"
"360118","La AIReF cree que España podría rebajar el déficit al «3% o inferior»","AIReF","positive","positive","positive"
"364592","El Ibex-35 sube un 1,04% con todos sus valores en verde","Ibex-35","positive","positive","positive"
"368719","Rajoy cifra en el 3,2% el crecimiento de España durante 2015","Rajoy","positive","positive","positive"
"376234","China acerca posturas con EE UU y retira los aranceles a la soja y el cerdo","China","negative","positive","positive"
"385652","El Ibex sube un 1,8% en la semana y se queda a las puertas de los 9.300 puntos","Ibex","positive","positive","positive"
"410253","La necesidad de un 'rescate' europeo para aliviar el peso sobre el déficit y la deuda","rescate","positive","positive","positive"
"420880","Bélgica levanta el veto al acuerdo comercial con Canadá","Bélgica","positive","positive","positive"
"428971","Iberdrola construirá en Navarra un complejo eólico de 111 megavatios","Iberdrola","positive","positive","positive"
"434969","La Guardia Civil lanza una operación contra el fraude en el IVA de hidrocarburos y metales preciosos","Guardia Civil","positive","positive","positive"
"439982","Portugal versiona las ""socimi"" para frenar la crisis de la vivienda","Portugal","positive","positive","positive"
"442702","El paro cierra 2016 con la mayor caída de la historia","paro","positive","positive","positive"
"452707","Garaña aconseja que la digitalización incluya la presencia física de empresas","Garaña","positive","positive","neutral"
"461915","Las CCAA cumplen por primera vez el plazo legal de pago a proveedores","CCAA","positive","positive","positive"
"465938","Celaá ve la FP como ""la joya de la corona"" y firma un acuerdo con Samsung para paliar la falta de habilidades digitales","Celaá","positive","positive","positive"
"466356","El Ibex 35 derriba al fin los 9.270 puntos tras escalar un 2,4% en febrero","Ibex 35","positive","positive","positive"
"480341","Pedro Sánchez abrirá foro de la OMT sobre el reto demográfico y el turismo","Pedro Sánchez","neutral","neutral","neutral"
"481555","Xiaomi distribuye la OTA que soluciona la vulnerabilidad presente en los patinetes Mi Electric Scooter","Xiaomi","positive","neutral","neutral"
"490480","Maroto anuncia que en septiembre volverán los viajes del Imserso","Maroto","positive","neutral","positive"
"490657","La Bolsa de Lisboa sube el 0,57 % al cierre","Bolsa de Lisboa","positive","positive","positive"
"495233","Putin apoya a empresarios al inaugurar primera planta Mercedes-Benz en Moscú","Putin","positive","positive","neutral"
"496165","Canarias impulsa que España sea pionera en autorizar naves de vuelo rasante","España","positive","positive","neutral"
"503665","Euskadi es la única comunidad con repunte del paro en marzo","Euskadi","negative","negative","negative"
"525316","Wall Street cierra en verde y el Dow Jones sube un 0,44 %","Wall Street","positive","positive","positive"
"525646","El precio del crudo de la OPEP baja un 0,31 % hasta los 69,66 dólares/barril","crudo de la OPEP","positive","positive","positive"
